[
    {
        "id": 0,
        "name": "Selecionar"
    },
    {
        "id": 1,
        "name": "Cardio"
    },
    {
        "id": 2,
        "name": "Força"
    },
    {
        "id": 3,
        "name": "Alongamentos"
    },
    {
        "id": 4,
        "name": "Yoga"
    },
    {
        "id": 5,
        "name": "HIIT"
    },
    {
        "id": 6,
        "name": "Funcional"
    },
    {
        "id": 7,
        "name": "Pilates"
    },
    {
        "id": 8,
        "name": "Treino de Resistência"
    },
    {
        "id": 9,
        "name": "Esportes"
    },
    {
        "id": 10,
        "name": "Treino em Casa"
    }
    
]

