[
    {
        "id": 0,
        "name": "Selecionar"
    },
    {
        "id": 1,
        "name": "Saltar"
    },
    {
        "id": 2,
        "name": "Peso"
    },
    {
        "id": 3,
        "name": "Alongar"
    },
    {
        "id": 4,
        "name": "Yoga"
    },
    {
        "id": 5,
        "name": "Prancha"
    },
    {
        "id": 6,
        "name": "Agachamento"
    },
    {
        "id": 7,
        "name": "Pilates"
    },
    {
        "id": 8,
        "name": "Core"
    },
    {
        "id": 9,
        "name": "Esporte"
    },
    {
        "id": 10,
        "name": "Casa"
    }
]
